,Variance
proto,0.1613086086953796
dns_RD,0.1115754414262233
weird_name,0.032313944507411874
dns_rejected,0.028247159650771087
http_resp_mime_types,0.0264562768913967
dns_RA,0.020368747805316816
ssl_cipher,0.012007392593435256
ssl_version,0.011318272628588656
dns_AA,0.006617765184894927
http_trans_depth,0.005397744402633374
http_method,0.0020588198119748896
http_version,0.0014100406728237399
weird_addl,0.0007575788408524203
ssl_established,0.0006108762137129858
ssl_resumed,0.0005588151368405401
ssl_subject,0.0004406496070948208
ssl_issuer,0.00028902874486156195
http_orig_mime_types,0.00018952190169012215
weird_notice,0.0
