,Variance
dst_bytes,324921770191014.56
src_bytes,292234264020999.44
missed_bytes,27684523282368.6
dst_ip_bytes,36168080000.80704
http_response_body_len,928565153.3635508
src_ip_bytes,497155077.77706355
dns_qclass,7402247.214007616
duration,318254.62769618473
dst_pkts,109365.80535572123
dns_query,19477.48280528568
src_pkts,8423.312098756498
dns_qtype,566.3300880201804
http_request_body_len,85.44012755604264
http_status_code,68.3988166012565
conn_state,15.921748400624638
http_uri,4.108552597557354
service,3.80381609191034
http_user_agent,0.5026463079603497
dns_rcode,0.3585647528808426
